0	0.5154910632291104	0.8510779158517933	0.037553207456447704	0.9934289190017732	0.07193244687761689	27.925947205389487
1	0.6236761722932737	0.9966385806801312	0.24818942710716974	0.9991629174793777	0.39741258523188555	16.09581077057881
2	0.6898686488924018	0.9976870065746046	0.38061970968379905	0.9991175881010046	0.5510229825021492	13.577478966434388
3	0.7124297520550158	0.9978775661814527	0.42576508435797317	0.9990944197520584	0.596865268096868	12.665438057057226
4	0.7239823638498544	0.9981219556452968	0.44880919723013996	0.9991555304695687	0.6191950636500084	12.179829674160358
5	0.7331644170423689	0.9982249569333225	0.46715953691507056	0.9991692971696672	0.6364613663863201	11.754529097973275
6	0.7423132286907431	0.9983158322129716	0.4854454081507595	0.9991810492307269	0.6532423458011194	11.359762951270822
7	0.7492209222950365	0.9983516520407958	0.4992661677301163	0.9991756768599568	0.6656480669249577	11.069650880413777
8	0.7561452366714	0.9984279811514548	0.5130983435973596	0.9991921297454402	0.6778469351702491	10.771533699133961
9	0.760494842356174	0.9984547892538141	0.5217972191937348	0.9991924655186134	0.6854007488604896	10.54046318080417
10	0.7646619553213501	0.9985149851783125	0.530112306053218	0.999211604589482	0.6925495632033654	10.346481088428563
11	0.7686141734557204	0.998542984451438	0.5380133845902274	0.9992149623212134	0.6992642789390273	10.179212432218991
12	0.7716502344871955	0.9985813434960578	0.5440734188189448	0.9992270501554462	0.7043722014761145	10.038606867265866
13	0.7735392943592457	0.9986313963552053	0.5478293775336185	0.999249211184873	0.7075247241804664	9.909638138407285
14	0.7774711982166416	0.9986784220721617	0.5556777396824458	0.9992646567508372	0.7140491759884072	9.7688248710534
15	0.781086971631532	0.9986413148688759	0.5629398418709819	0.999234101392082	0.7200073866820699	9.628926562771355
16	0.783323388851189	0.9987009333421593	0.567384807136926	0.9992619705654521	0.7236484207799049	9.536077208207645
17	0.785219164186702	0.9986902219284207	0.5711874383226653	0.9992508900507386	0.7267309090186719	9.445250573846483
18	0.7870570186498493	0.9986997494582289	0.5748624757026137	0.999251561597085	0.7297010582450325	9.349433730803813
19	0.7878247640102196	0.9987571799622034	0.5763667395182528	0.9992827885021864	0.7309271508937967	9.26800014481102
20	0.789642472082979	0.9987724584309787	0.5799977906125208	0.9992871535534371	0.7338443571071404	9.164077422135474
21	0.7923657604036799	0.998801008687961	0.5854342940587287	0.9992972267486311	0.7381887809375222	9.078356893283805
22	0.7938204976762817	0.9987898714003234	0.5883538417991264	0.9992871535534371	0.7405023919400916	9.022868002730956
23	0.7961002296352732	0.9988172233994052	0.5929025609755688	0.9992978982949774	0.744102442544629	8.937022865760778
24	0.7965436181103962	0.9987857449849856	0.5938091485430298	0.9992780876777625	0.7448072516327165	8.87938352089977
25	0.7992707678225882	0.9988515017510121	0.5992305421964468	0.9993109934487296	0.7490758428015637	8.793819680328632
26	0.8003002483714161	0.9988331707469437	0.6013029342210281	0.9992975625218042	0.7506877877484703	8.726893704371763
27	0.8023016243698796	0.9988884221912158	0.6052768097250656	0.9993264390146938	0.753792671011781	8.653747960710033
28	0.8037516608180576	0.9988227425191766	0.6082201973607557	0.9992831242753595	0.7560521881622075	8.609388100650301
29	0.8044237108240847	0.9988698003387297	0.6095370997457862	0.9993103219023833	0.7570823043474	8.547020946417478
30	0.8053902339029502	0.9988865040450621	0.6114620873473617	0.9993183804585386	0.7585702003295783	8.495881679705327
31	0.80693798034451	0.9989155232450252	0.6145431419840367	0.9993328187049834	0.7609450399455682	8.433620714895504
32	0.807678695964443	0.9989241047364438	0.6160208797189981	0.9993365122098877	0.7620793422628634	8.386656162665062
33	0.8091982374594596	0.998930462160629	0.6190592911626851	0.999337183756234	0.7644018542834387	8.3395823769553
34	0.8112758339682244	0.998931140934396	0.6232185134582925	0.9993331544781564	0.7675646682961639	8.271562632662324
35	0.8104541970135662	0.9989746301922838	0.6215463630560866	0.9993620309710459	0.7663079352482649	8.24038461606527
36	0.8117309745044072	0.9989498592736187	0.6241180497891177	0.9993438992196967	0.7682520669969893	8.207249323854741
37	0.8137075032880589	0.9989649890731045	0.6280657349856508	0.9993492715904668	0.7712401134282143	8.145338693353319
38	0.8141262124349565	0.9989424157932575	0.6289182630722372	0.9993341617976759	0.7718757965057903	8.136246087379062
39	0.8151800365388367	0.9989862600224437	0.6310003925188394	0.9993596805588341	0.773455072423207	8.078355725114697
40	0.8164358282063567	0.9990325516965294	0.6334851140000288	0.9993865424126847	0.7753328042930345	8.031269966859588
41	0.8162333569829572	0.9989769400919217	0.6331150919632356	0.9993516220026788	0.7750388640756186	8.034565950505103
42	0.8172722391806329	0.9990003099936786	0.6351800969780078	0.9993643813832579	0.7765912638234668	8.00010338050803
43	0.8167870469454547	0.9990246477439161	0.6341932596221679	0.9993808342687415	0.7758605816628327	7.984839542788738
44	0.8174839441662937	0.9990583913481788	0.6355669076734579	0.9994009806591294	0.7768978649167189	7.939782942447466
45	0.8175227259677906	0.9990521852249609	0.6356485005545294	0.9993969513810519	0.7769569426847792	7.538020096365939
46	0.8188831109787419	0.9990278998011661	0.6383874023277811	0.9993788196297027	0.7789921408183113	7.533897069393564
47	0.8191119403962325	0.9990448420156092	0.6388346521943952	0.9993892285980698	0.7793301844632714	7.51141853906035
48	0.8190115442174655	0.9990445419920906	0.6386338598368613	0.9993892285980698	0.7791806636624334	7.4994763586529345
49	0.8196397758243987	0.9990223486383387	0.6399057686166918	0.9993737830321057	0.7801198321514812	7.476521731897728
50	0.8200744341970203	0.9990712236392955	0.6407445300031798	0.9994043383908608	0.7807577408724324	7.4688196972063725
51	0.8204859242206957	0.9990358830323256	0.6415910141726499	0.9993808342687415	0.7813750298517717	7.456384060718759
52	0.8202399703713752	0.9990482001092555	0.6410907121446806	0.9993892285980698	0.7810076540342955	7.439335293704292
53	0.8206830230733252	0.9990422111597814	0.6419815183730043	0.999384527773646	0.7816664976827397	7.435602943921826
54	0.8214880392559132	0.9990643741836078	0.6435787913576014	0.9993972871542249	0.7828561380994518	7.396562099374856
55	0.8210209787720842	0.9990432175450831	0.6426574297705225	0.999384527773646	0.7821676229061848	7.397105885125518
56	0.8216952113037367	0.999066535398207	0.6439921281337291	0.9993982944737444	0.7831625231143519	7.392404311629096
57	0.8216801015109457	0.9990581724377915	0.6439672809189172	0.9993929221029743	0.7831415800287186	7.380709715807151
58	0.8226968226791946	0.9990761656981726	0.6459909858333941	0.9994026595249951	0.7846417656581912	7.355737910811434
59	0.8224956945484875	0.9990631430174797	0.645596788128135	0.9993946009688399	0.7843468963459271	7.349201316849882
60	0.8234771595335574	0.9990411621673982	0.6475758352105851	0.9993784838565295	0.7857989028784416	7.336027250502937
61	0.8235747016403527	0.9990859047549008	0.6477420429312863	0.999407360349419	0.7859351013796497	7.305561926602498
62	0.8230960569820506	0.9990933544123246	0.6467790454707388	0.9994130684933623	0.7852281211458104	7.2996090489974135
63	0.8240303458362951	0.9991006101266439	0.6486446012206698	0.9994160904519205	0.786603671941518	7.2876163931646705
64	0.8241161358820308	0.9990920738460393	0.6488218894560844	0.9994103823079772	0.7867313725462255	7.273709927064037
65	0.8250356507166575	0.9990997842266316	0.6506575613936064	0.9994137400397085	0.7880817514400936	7.253704270300586
66	0.8246201314149045	0.9990677169906772	0.6498466691804885	0.9993935936493206	0.7874766981440503	7.2474611267601095
67	0.8246647892469313	0.9990972120421281	0.6499168457736735	0.9994127327201892	0.7875373840436022	7.2551740344857025
68	0.825068388601038	0.999087524448674	0.6507310957185227	0.9994056814835534	0.7881318728689163	7.245885421648058
69	0.8258579592176619	0.9991087256937462	0.6522978133443647	0.9994181050909593	0.7892864920383668	7.203305719152759
70	0.8256808388688339	0.9990892372542098	0.6519559962541145	0.9994056814835534	0.7890301317023821	7.219240668713022
71	0.8248496323787414	0.9991373790873244	0.6502606775029623	0.9994385872545204	0.7878022487633428	7.196830993665452
72	0.8273278062830548	0.9991208982505004	0.6552321351043802	0.9994234774617294	0.7914346045722747	7.167666857840679
73	0.8274711814279828	0.9991360982964554	0.6555091479722155	0.9994332148837503	0.7916414155596561	7.158895642159321
74	0.8263384506284163	0.999117725148274	0.6532537595682762	0.9994231416885563	0.7899887116683991	7.163961613628873
75	0.8262157255336359	0.9991373951285173	0.6529952142249633	0.9994362368423085	0.7898057742803472	7.144655859675194
76	0.8278185387755896	0.9991058817033951	0.6562243448309902	0.9994127327201892	0.7921532418461883	7.125379256612247
77	0.8272598122154952	0.9991253168038011	0.6550931250107027	0.9994264994202876	0.7913345777288889	7.114382547529293
78	0.8273163899951682	0.9991459135959495	0.6551928496431235	0.999439930347213	0.7914137936978382	7.105289034908989
79	0.8286848335622746	0.9991581173852584	0.6579240286333932	0.9994456384911562	0.7934068149986172	7.0789901812051985
80	0.8277574280580794	0.9991404247355182	0.6560792908201964	0.9994355652959622	0.7920584018299823	7.091928399469435
81	0.8287865728337341	0.9991105447594776	0.6581590698545867	0.9994140758128817	0.7935626901286539	7.085134021850796
82	0.8299083910051739	0.9991592057822256	0.6603724866118842	0.9994442953984637	0.7951848732598576	7.0347290349580165
83	0.8299342455395052	0.999120731981736	0.6604497144417049	0.9994187766373055	0.7952286732415799	7.041756605036889
84	0.8298422436900665	0.9991397615620263	0.6602529513622486	0.9994315360178846	0.7950920493463749	7.021291666178359
85	0.8295152006194344	0.9991703912589452	0.6595780472842497	0.999452353954619	0.7946121789867213	7.023366044886743
86	0.8310302091766136	0.9991660941052929	0.6626134367693786	0.9994469815838488	0.7968095252323527	6.97173819427228
87	0.8301506513495899	0.9991831359456738	0.660841561734752	0.9994597409644278	0.7955324338728385	6.981054423109363
88	0.8309838724787212	0.9991573834528137	0.662526471517537	0.9994412734399055	0.7967438737153751	6.977502716857543
89	0.8314376699222115	0.9991484386693797	0.6634407818679801	0.9994345579764429	0.7974018033615531	6.956636919926122
90	0.8318865986546912	0.9991692506590443	0.6643255441791873	0.999447653130195	0.7980471694060574	6.953270593623525
91	0.8316989014509094	0.9991935011147473	0.6639336968861403	0.9994641060156786	0.797772095720806	6.9313704941280925
92	0.8317667276318824	0.9992007275299348	0.6640646484236624	0.9994688068401024	0.7978689262997627	6.918580784093064
93	0.8331694200626486	0.9991850003848609	0.6668827926657738	0.9994560474595234	0.7998945615848143	6.910812658788412
94	0.8326002845341869	0.9991710303060234	0.6657529159381788	0.999447653130195	0.7990767727832552	6.904071488167412
95	0.8327797552952269	0.9991795219972721	0.6661064850894886	0.9994530255009652	0.7993341162282677	6.907681181422624
96	0.8335812458594971	0.9991744672726268	0.6677141670424528	0.9994483246765413	0.8004889269872119	6.879339429848792
97	0.8343978462165582	0.999215013985383	0.6693215132222439	0.9994741792108726	0.8016559353535321	6.85554518183482
98	0.8335805743131508	0.9991839966877502	0.6677064442594708	0.9994547043668308	0.8004864353415162	6.867931719989711
99	0.8344142991020418	0.9991950350806318	0.6693678499201363	0.9994607482839473	0.8016827394341686	6.855006290465286
100	0.8350106322575273	0.9992114519591115	0.6705504430359133	0.9994708214791412	0.8025355996038427	6.821718273621654
101	0.8346209674901056	0.9991910305069158	0.6697842086548221	0.9994577263253891	0.8019799910263563	6.823502103241858
102	0.8346567273330443	0.9992316238382943	0.6698285307136758	0.9994849239524128	0.8020248384851182	6.821308831087093
103	0.8354088592408638	0.9992054012723575	0.6713515978270104	0.9994661206547174	0.8031071589454635	6.798586860227421
104	0.8357719979276079	0.9991992815498795	0.6720825760249224	0.9994614198302936	0.8036279746143756	6.8016988721500145
105	0.8358930441565227	0.9992065448571631	0.6723199676583279	0.9994661206547174	0.8038000078280322	6.77058557284247
106	0.8368704798635149	0.999214805054705	0.6742708097942348	0.999470149932795	0.8051952998991759	6.756280491278344
107	0.8360312148172672	0.9992357581384026	0.6725768341357753	0.9994855954987591	0.8039930143722348	6.755634648857248
108	0.8370089862974326	0.9992230730395899	0.6745424502913	0.9994755223035652	0.8053916402034523	6.742589782931141
109	0.8373048024629633	0.9992426091023079	0.6751213232417825	0.9994882816841443	0.8058104686384101	6.733705202492652
110	0.8374454914225065	0.999219116737577	0.675418818273179	0.9994721645718339	0.8060146983575038	6.728266719444511
111	0.8376299987811434	0.9992324313160079	0.6757791028879515	0.9994808946743353	0.806275517776888	6.719061278149844
112	0.8375092883254018	0.9992371162796704	0.675534324244737	0.9994842524060666	0.8061027956087952	6.713245558820639
113	0.8382677999235109	0.9992437723963049	0.6770479897092238	0.999487610137798	0.8071816644622858	6.683037192878854
114	0.8381840245168141	0.9992485347418846	0.6768770811640987	0.9994909678695293	0.8070617442213566	6.6783465281384915
115	0.8387108526254609	0.9992536552580185	0.6779280511960073	0.9994936540549143	0.8078100071718431	6.684167046891045
116	0.8390006248738752	0.9992562673323337	0.6785062526001435	0.9994949971476069	0.8082212080433834	6.669072724781495
117	0.8389163458074186	0.9992358339944565	0.6783514611673289	0.9994812304475084	0.8081046989277828	6.663960401790658
118	0.8397735747184291	0.9992564787980514	0.6800531596087706	0.9994939898280875	0.8093177221454441	6.635064409196992
119	0.8391389634212063	0.9992713776992145	0.6787728564996117	0.9995050703428009	0.8084152653854667	6.647330594226667
120	0.8395954470500816	0.9992565822826676	0.6796965684989025	0.9994943256012606	0.8090651841134457	6.634678099163619
121	0.8403309581858309	0.9992567110275712	0.6811685980899207	0.9994933182817413	0.8101071666672989	6.619819346326324
122	0.839915438884078	0.9992538340256616	0.6803389025791073	0.9994919751890486	0.8095191673824886	6.620650112833764
123	0.8393140691309955	0.9992875406069739	0.6791123231776499	0.9995158150843412	0.8086612706150283	6.626231994170094
124	0.8406326503818916	0.9992721109226178	0.681761909286848	0.9995033914769352	0.8105316775859344	6.604191812043338
125	0.8407474848071034	0.9992816901339155	0.6819851984469819	0.9995097711672247	0.8106926108865937	6.588736358786776
126	0.840216627420379	0.9993135404998785	0.6809009868709331	0.9995322679698248	0.8099365465963342	6.587600735372694
127	0.8402485258718266	0.9993062238324925	0.6809698203714256	0.9995272313722278	0.8099828383397163	6.602977585055164
128	0.8413651395590828	0.9992702378847703	0.6832292380534424	0.9995010410647233	0.8115671392513004	6.576400802553315
129	0.8410840974131699	0.999267674359854	0.6826684968543091	0.9994996979720308	0.811170569829527	6.5691045558739365
130	0.8408905241788583	0.9992815000272941	0.682271612963665	0.9995094353940517	0.8108948751736968	6.572051613191559
131	0.8411823110663115	0.9992772070612596	0.6828585444703027	0.9995060776623204	0.8113078608726041	6.563372295418965
132	0.84230614387679	0.9993128339404198	0.6850833775154866	0.9995289102380934	0.8128878547865304	6.539026151080312
133	0.8418750111224863	0.9992953184527998	0.6842325282947659	0.9995174939502068	0.8122828067014523	6.540195009716598
134	0.841486017901411	0.9992886339513561	0.6834585711306926	0.9995134646721292	0.8117349770005825	6.550814658587741
135	0.8417108180408239	0.9992900811034504	0.6839074998631725	0.9995141362184755	0.8120519999952158	6.537825082421713
136	0.8422666905289469	0.9993068849105661	0.6850085000978778	0.9995248809600158	0.8128331741939622	6.531931435938963
137	0.8422535953751946	0.9992946293865235	0.6849907041197018	0.9995164866306875	0.8128165913331942	6.532343763584124
138	0.8425655286530358	0.9992913611640469	0.6856172568607694	0.9995138004453024	0.8132564514378515	6.5268139406577825
139	0.8423459329978064	0.9992869952038674	0.6851807517356955	0.9995111142599173	0.8129478475530066	6.523676608518227
140	0.842925141721462	0.9993160255363503	0.6863200301121382	0.9995302533307859	0.8137588211160962	6.51488824931207
141	0.8425331265418284	0.9992864068332664	0.6855558103700858	0.999510442713571	0.8132115819907746	6.518132633605774
142	0.8422816324351513	0.9992736562518214	0.6850612164860599	0.9995020483842427	0.8128592925723725	6.5234937798935935
143	0.8420660660579995	0.9993084367288224	0.6846059080632906	0.9995262240527083	0.8125501892395864	6.5299690965115
144	0.842973996718153	0.9993380911899156	0.6864026303127291	0.999545363123577	0.8138241968231219	6.504627041144879
145	0.8428408626550055	0.9992631210417816	0.6861877354819235	0.9994939898280875	0.8136482835132909	6.51141688307536
146	0.842617405608285	0.9993036842102688	0.6857126164419393	0.9995221947746308	0.8133276142843999	6.501345685503328
147	0.8428215556975504	0.9993119121360213	0.6861155442496998	0.9995275671454009	0.8136137024143749	6.500291542089272
148	0.8433171569010957	0.9993338747635719	0.6870923084103457	0.9995420053918456	0.814307350935083	6.490305853709322
149	0.8424548913924883	0.9992867328890549	0.6853990042982324	0.9995107784867442	0.8131013596329275	6.511103186574588
