0	0.5188654157325178	0.9392953760027521	0.04033777438124559	0.9973930570837899	0.07735361944355282	25.29249336645775
1	0.6283262949680025	0.9967970507909231	0.2574799350346065	0.9991726549013985	0.4092481051327128	15.89360704307294
2	0.6906103718318541	0.9977352396016547	0.3820880457699128	0.9991326978937957	0.5525674366228918	13.55950880968284
3	0.7141522684331917	0.997945100133428	0.4291882918580714	0.9991162450083121	0.6002331040642473	12.62634484153433
4	0.7251570662960626	0.998195372307546	0.451129725629667	0.9991844069624582	0.6214142086890362	12.118779559479547
5	0.7355735895596033	0.9982225245832023	0.4719876193715602	0.9991595597476464	0.6409269789334161	11.687395518751899
6	0.7451332196853067	0.9983262981428189	0.4910897551911372	0.9991766841794761	0.6583356158387043	11.256377444644155
7	0.7524045556361038	0.998392861760254	0.5056230254438837	0.9991860858283239	0.6712833602884405	10.91784917677391
8	0.758660345624758	0.9984657961844849	0.5181168094430161	0.9992038818065	0.6822205539447541	10.656799947764865
9	0.7627122883915491	0.9985554565764002	0.5261857745665924	0.9992388022165059	0.6891998007720633	10.440160849987436
10	0.7677715506777414	0.9985770615570922	0.5363073210975351	0.9992357802579477	0.6978300057583402	10.239696184466386
11	0.7701238096421296	0.9986067226869924	0.5410024373774638	0.9992451819067955	0.7017997618727682	10.083997493429282
12	0.7738119421758303	0.9986351946131767	0.5483733300740951	0.9992505542775656	0.707979172008664	9.944378066308719
13	0.775665577978115	0.998640106945051	0.5520829520908763	0.9992482038653536	0.7110646547828227	9.82130532641591
14	0.7798551877458909	0.9986920377047356	0.5604443756482521	0.9992659998435297	0.7179760933587955	9.65083056872653
15	0.782045100381069	0.9986761131632347	0.5648389749382261	0.9992512258239118	0.7215679546007783	9.559807653197717
16	0.7848019660190834	0.9987598589449804	0.5703120776603057	0.9992918543778609	0.7260404025464573	9.446216950138
17	0.7867791663490812	0.9987270310861345	0.574290318215594	0.9992680144825685	0.7292472199973863	9.346313322041043
18	0.7877418280364555	0.9987835300444797	0.5761854220047606	0.9992982340681505	0.7307883866552448	9.24604516881438
19	0.7887608996169164	0.9987611990850505	0.5782390107316464	0.9992827885021864	0.732431973212256	9.191081905201129
20	0.7916690310694274	0.9987775299789384	0.5840529232244567	0.9992851389143983	0.7370832862793573	9.088708579990872
21	0.792647138322766	0.9988461247879411	0.5859711953625696	0.9993230812829624	0.7386277904505417	8.992706307512789
22	0.795111881300154	0.9988200660286283	0.590921835027253	0.999301927573055	0.7425413973018655	8.941090241986043
23	0.796043316082427	0.9988429612723013	0.5927732883039123	0.9993133438609415	0.7440077679657386	8.867641443075593
24	0.7970200802430729	0.9988355050834573	0.594733532088667	0.9993066283974789	0.7455478288760059	8.817657859874345
25	0.8007135851475438	0.998816433582987	0.6021406882879967	0.9992864820070908	0.7513355686730119	8.729530285478049
26	0.8027483705767341	0.9988801215488627	0.6061763460558908	0.9993203950975773	0.7544874768573662	8.645326182440794
27	0.8025512717241046	0.998902043815262	0.6057683816505334	0.9993341617976759	0.7541776366118734	8.594390674718877
28	0.8038910066849081	0.998893672989139	0.6084559101282956	0.9993261032415206	0.7562546011194597	8.555953952864684
29	0.8044917048916443	0.9988876168428673	0.609662343139365	0.9993210666439236	0.7571840230862898	8.494597281950856
30	0.805819352018215	0.9989164843917331	0.6123028633728885	0.9993358406635415	0.7592255201155765	8.447328794780875
31	0.807373646036651	0.9989170570329978	0.6154144733683187	0.9993328187049834	0.7616130924975109	8.367393692334494
32	0.8075603359209134	0.9989590227560567	0.6157623343756852	0.9993583374661414	0.7618916255502729	8.339128148596721
33	0.8083572935473462	0.9989470687436977	0.6173653155042256	0.9993492715904668	0.7631139602434394	8.302135551836074
34	0.8104318680975529	0.9989347033602176	0.6215265524388717	0.999337183756234	0.7662811314607575	8.249049865585013
35	0.8114098074643048	0.9989868980032798	0.6234518758136204	0.9993677391149892	0.7677581003665817	8.203019551149348
36	0.8124770624951103	0.9989657374388571	0.6256018314411955	0.9993522935490251	0.7693798729708557	8.158888769641365
37	0.8147398379088584	0.9989625335686131	0.6301340977321545	0.9993455780855623	0.7727968282100867	8.106919513781046
38	0.8143495015950905	0.9989958212519188	0.6293315998483648	0.9993674033418161	0.7722029737796592	8.085710233429452
39	0.8156449144970404	0.9989946366466089	0.6319257833839959	0.9993640456100847	0.7741523873341072	8.04562421090824
40	0.8165551955694058	0.9990181236899494	0.6337332503749747	0.999377140763837	0.775514279474574	7.997958921976515
41	0.8156964556791163	0.9990472424436241	0.6319956242040077	0.9993972871542249	0.7742205904069058	7.994677402227605
42	0.8172359756779344	0.9990376230239448	0.6350837300773184	0.9993882212785504	0.776530505416274	7.964662966941231
43	0.8172782830977493	0.9990277361885463	0.6351747246072377	0.9993818415882608	0.7765955350471703	7.944192765258841
44	0.8167128410741921	0.9990761714130609	0.6340119421086756	0.9994137400397085	0.7757404129114849	7.914603325837256
45	0.8187390642874675	0.999041627939253	0.6380902430695577	0.9993878855053773	0.778775035166283	7.52169099796269
46	0.8179701437209913	0.9990319514004823	0.6365571027610292	0.9993831846809533	0.777629176388937	7.50683517587144
47	0.8186628437771661	0.9990608185707615	0.6379253784415491	0.9994003091127832	0.7786580631358664	7.497176435395205
48	0.8194540932596558	0.9990531927337657	0.6395142570968179	0.9993939294224936	0.7798382183380939	7.472720223849581
49	0.8196003224765555	0.9990436823263685	0.6398130952209069	0.9993875497322041	0.7800574637239007	7.448011189555794
50	0.8194774294951885	0.9990171418022074	0.6395840979168297	0.9993707610735474	0.7798791578512083	7.470964421193624
51	0.8202377878457499	0.9990492381608698	0.6410856755470836	0.9993899001444161	0.7810042337348905	7.4432637021304
52	0.8189497619536089	0.9990768698901439	0.6384894773724138	0.999410046534804	0.7790830210664409	7.434718123907896
53	0.8201148948643829	0.9990368574753208	0.6408476123673318	0.999382177361434	0.7808237672272754	7.4223704136524
54	0.8205678528749403	0.9990716070137581	0.641732038905366	0.9994036668445145	0.7814905348071142	7.386909937858581
55	0.821080746396902	0.9990725663347321	0.6427581617224627	0.9994033310713414	0.7822512213844803	7.391481111303637
56	0.8210459938734826	0.9990672562038946	0.6426920144073553	0.9993999733396101	0.7822006050607534	7.381514761947685
57	0.8204887782926673	0.999078685102725	0.6415691889163961	0.9994083676689384	0.7813719346062974	7.368028444932499
58	0.8219943852009989	0.9990757124716364	0.6445851035574832	0.9994036668445145	0.7836036672591543	7.350393246703131
59	0.8210614394394469	0.9990860563304561	0.6427108177050508	0.9994120611738428	0.7822202933588662	7.354987984588465
60	0.8222272438965671	0.9990867613155006	0.645044105485157	0.9994103823079772	0.7839461435437627	7.329282401271702
61	0.8222000462695432	0.9991048556768326	0.6449779581700497	0.9994221343690369	0.783902859861949	7.320014885201077
62	0.8220773211747628	0.9991060733935597	0.6447315006609695	0.9994231416885563	0.7837211756021714	7.300850964247975
63	0.8229599009603449	0.9990919369710857	0.6465074049736736	0.999412396947016	0.7850274596463473	7.304753626990564
64	0.8239242415135849	0.9990992832032614	0.6484330641215955	0.9994154189055742	0.7864476963030322	7.273369348663644
65	0.8248137046492161	0.9990832054275064	0.6502240782270908	0.9994033310713414	0.7877585490094938	7.261282150114525
66	0.8233923768073411	0.9990905628405531	0.6473740355335318	0.9994107180811503	0.7856655893704235	7.256728780884104
67	0.8239163508440163	0.9990977119962915	0.6484182901019777	0.9994144115860548	0.7864363432371595	7.262676960168426
68	0.8237162300328286	0.9990878538578294	0.6480240923967187	0.9994083676689384	0.786143286973343	7.252409322974608
69	0.825392409713112	0.9990868892123145	0.6513801452621901	0.9994046741640339	0.7886075267560517	7.223692133664265
70	0.8243325416921155	0.999092162786528	0.6492550368494269	0.999410046534804	0.7870497418374014	7.231895720999675
71	0.8254295126487433	0.9991260609450181	0.6514288323722945	0.9994301929251921	0.7886554102614968	7.196679245893079
72	0.8255221860445282	0.9991314488123708	0.651610821432133	0.9994335506569234	0.7887904439290513	7.186079326609975
73	0.8256351737172877	0.9991147955743896	0.6518478772923654	0.99942247014221	0.7889589139355713	7.177451699705878
74	0.825458724914806	0.9991374484850764	0.6514798698946108	0.999437579935001	0.7886963594745976	7.1787930264915385
75	0.825650955056425	0.9991066190471289	0.6518848123414102	0.9994170977714398	0.788983417459449	7.161278997008334
76	0.8264883733502205	0.9990930228977072	0.6535700578973682	0.9994066888030727	0.7902122246307721	7.151732826888356
77	0.8272240523725565	0.9991190862260937	0.6550256346029029	0.99942247014221	0.7912833807807745	7.131277372091496
78	0.8271157655242208	0.9991177722776589	0.6548097324525779	0.9994217985958638	0.791125414242939	7.132999622616981
79	0.8274008369482113	0.9991062758782017	0.6553879338567141	0.9994137400397085	0.791543656059097	7.103713697993879
80	0.8267175385408843	0.999175078759971	0.6539750003441676	0.999460076737601	0.7905338187202461	7.109153023126609
81	0.8273278062830548	0.9991474767873034	0.6552146748993771	0.9994409376667324	0.7914302059102126	7.101292644579386
82	0.8274669842633187	0.9991243365352285	0.6555084764258692	0.9994254921007683	0.7916372339191767	7.081662273570844
83	0.8281202309716503	0.9991561612487996	0.6567951592253176	0.9994453027179832	0.7925848083873304	7.062384625071103
84	0.8291807705389932	0.9991222804822977	0.6589404140284688	0.9994211270495175	0.7941340835249077	7.052264206270172
85	0.8283722287380871	0.9991547695547586	0.6573004978508838	0.9994439596252905	0.7929522038793463	7.047623532580346
86	0.8293531900633974	0.9991516945245368	0.6592661140064086	0.9994402661203861	0.7943798620151135	7.011603666416968
87	0.8289005678260131	0.9991871592566508	0.6583366938631744	0.9994644417888517	0.7937159634082285	7.021372566845819
88	0.8290902796688336	0.9991896610735794	0.658714774456123	0.9994657848815443	0.7939914727626425	7.014542134848657
89	0.8294895139716896	0.9991383344523795	0.6595478276986677	0.9994312002447114	0.7945801117722502	7.0122850242758945
90	0.8300851755808288	0.9991434348111748	0.6607368005047343	0.9994335506569234	0.795443939046364	6.99509730412788
91	0.8299407931163814	0.999147624524031	0.660445013617281	0.9994365726154816	0.7952337836633131	6.989670338417656
92	0.8310401144852211	0.9991833051987966	0.6626218310987069	0.9994583978717353	0.7968210674438019	6.968335542809922
93	0.831359938432631	0.9992073235814406	0.6632460334275625	0.9994738434376995	0.7972798648973733	6.950389208744482
94	0.8319782647309567	0.9991735119934164	0.6645061901463333	0.9994503393155801	0.7981788596638227	6.946573968769349
95	0.830907987741593	0.9991880366340852	0.6623542198797193	0.9994617556034666	0.796629047408665	6.946225654874061
96	0.831505663989771	0.9991718309260983	0.663561324437135	0.999450003542407	0.7974963166290628	6.938068422910684
97	0.8322028969837831	0.9991846479707522	0.6649484034153504	0.9994573905522159	0.7985013407814696	6.921683150714205
98	0.8322091087874861	0.9991907078732923	0.6649567977446788	0.9994614198302936	0.7985093282905056	6.909882449939898
99	0.8326761692713152	0.9991727280376171	0.6659036780929158	0.9994486604497145	0.7991859018609166	6.900408338107604
100	0.8331214044988904	0.9991728272753665	0.6667948200944127	0.9994479889033682	0.799827375589394	6.889496073280413
101	0.8336302687427746	0.9992117059406925	0.6677873655941959	0.9994731718913532	0.8005534786130833	6.869802355028919
102	0.8325705686083645	0.999189573316399	0.6656810604791281	0.999460076737601	0.7990309412432559	6.8774245598062205
103	0.8331318134672576	0.9992175616402927	0.6667857542187381	0.999477872715777	0.7998351853500237	6.851100495508856
104	0.8339824948013919	0.9991839749953076	0.6685109567822991	0.9994540328204846	0.801064298269067	6.850967987870023
105	0.8334012714386974	0.9992036359248683	0.6673344075836386	0.9994681352937562	0.8002253162268551	6.850132462085318
106	0.8341800973137811	0.9992255212808594	0.6688786284068805	0.9994815662206815	0.8013415664346916	6.816815348589134
107	0.8352342571908343	0.9992309484735478	0.6709849335219483	0.9994835808597203	0.8028529949476374	6.816524340688567
108	0.8354568748046219	0.9991870568660468	0.6714600525619325	0.9994536970473115	0.8031788280556698	6.80330616813345
109	0.8337900967731863	0.9992145897486888	0.6681053427891536	0.9994748507572189	0.8007828527400147	6.808286930195655
110	0.8337974837829951	0.9992186181794808	0.6681174306233864	0.999477536942604	0.8007928291221831	6.799203752242413
111	0.8350809767372988	0.9992231049488665	0.6706834092124743	0.9994785442621233	0.8026345821251535	6.789051644089295
112	0.8353059447632983	0.9992156392240378	0.6711387176352436	0.9994731718913532	0.8029581268142811	6.780746242352778
113	0.8352184758516971	0.9992423962082805	0.6709456480606917	0.9994913036427024	0.8028285669918421	6.760495838840393
114	0.8358911974040705	0.9992473994607028	0.6722887407532265	0.9994936540549143	0.8037909079230497	6.753774385435884
115	0.8363698420623725	0.9992046826055714	0.6732755781090665	0.9994641060156786	0.8044819734292059	6.761690268074115
116	0.8362998333557742	0.9992000386772577	0.6731385826544279	0.9994610840571204	0.8043826641853986	6.752610198738648
117	0.836034404662412	0.9991944277344315	0.6726110829994348	0.9994577263253891	0.8040041043655141	6.747003701298508
118	0.8367883833226837	0.9992464193720991	0.6740851272294919	0.9994916394158756	0.8050731501525081	6.7270538867544065
119	0.8366349349825616	0.9992714357496468	0.6737611061174179	0.9995087638477054	0.8048501281521623	6.705481161612416
120	0.8369921976387759	0.9992518414202278	0.6744893981299449	0.9994949971476069	0.8053631674641724	6.716151150477301
121	0.8370533083562862	0.999249493818644	0.6746132984308312	0.9994933182817413	0.8054507216501459	6.7012668390044645
122	0.8377953670689118	0.999244202867265	0.6761021166805061	0.9994886174573173	0.8065092127598386	6.681645041069214
123	0.8378448936119489	0.9992794917141548	0.6761773298712881	0.9995124573526099	0.8065742188008479	6.679901815935509
124	0.8375865161552226	0.9992541482417613	0.675677363616492	0.9994956686939531	0.8062101688179061	6.677362476099807
125	0.837788315832276	0.99925954857277	0.6760776052388674	0.9994990264256844	0.8064967712010844	6.675156850175759
126	0.8381020958625693	0.9992815244177571	0.6766907270530095	0.9995134646721292	0.80694002027239	6.656569443207836
127	0.8380445107633769	0.9992492153705549	0.6765973821108784	0.9994916394158756	0.8068631152900702	6.6864304300026385
128	0.8389284336416515	0.9992412934216084	0.67837194333089	0.9994849239524128	0.8081210176751773	6.646822871539191
129	0.8381042783881948	0.9992765778313499	0.6766984498359916	0.9995101069403979	0.8069438983432246	6.658418887095762
130	0.8386480630420848	0.9992653799925943	0.6777944134731	0.9995017126110696	0.8077189552513228	6.654127593876161
131	0.8389930699774797	0.9992760027041101	0.6784777118804272	0.9995084280745322	0.8082074144232714	6.634567817625721
132	0.8388379427714919	0.9992539347766826	0.6781822314880694	0.9994936540549143	0.8079905237993132	6.6303676834630805
133	0.8387686056112398	0.9992834301131567	0.6780234107771772	0.9995138004453024	0.807887433713434	6.627908497495749
134	0.8390924588367272	0.9992836198112494	0.6786714530013253	0.9995134646721292	0.8083473475615243	6.622632270498374
135	0.8389220539513619	0.9992758512210612	0.6783356798281915	0.9995084280745322	0.8081065864514884	6.62616089299782
136	0.8395002553554982	0.9992800412420819	0.6794900679974253	0.999510442713571	0.8089265581213423	6.618933618273522
137	0.83960921375018	0.9992911165950297	0.6797005977769801	0.99951782972338	0.8090793581514659	6.617967521611767
138	0.8396256666356636	0.9992773492935152	0.679742905196795	0.9995084280745322	0.8091048177525682	6.6100565009920045
139	0.8400487408338121	0.9992757856542456	0.6805907324589576	0.9995067492086666	0.8097046182583572	6.603779826704989
140	0.840509253740765	0.9992797134214548	0.6815097436338245	0.9995087638477054	0.8103559413151881	6.6026808868159135
141	0.8396619301383621	0.9992705265584104	0.6798201330266157	0.9995037272501084	0.809157288103079	6.61235551473611
142	0.839313901244409	0.9992697794417715	0.6791240752387095	0.9995037272501084	0.8086637864943493	6.6163041395010405
143	0.8391251967211079	0.9992683864857143	0.6787473377384535	0.9995030557037621	0.8083961874993376	6.625392980510017
144	0.8400437042362151	0.9992836517295152	0.6805752868929934	0.9995121215794367	0.8096962695224491	6.595370706250168
145	0.8397718958525633	0.9992865284130438	0.680029319713478	0.9995144719916487	0.8093106950353363	6.601700754427828
146	0.8400682156778538	0.9992940412049218	0.6806172585396352	0.9995191728160725	0.8097293838112846	6.588138906652575
147	0.8400356456800598	0.9992792039492918	0.6805621917392413	0.9995090996208785	0.809685541676304	6.594007626841568
148	0.8400113021250076	0.9992899842415947	0.6805061176193279	0.9995164866306875	0.8096493935172008	6.589596044894346
149	0.8399787321272137	0.999269235813954	0.6804550800970116	0.9995023841574159	0.8096064591712502	6.59558860231511
